train_loss,lr-SGD,epoch,step
,0.005,,49
1.345646619796753,,0,49
,0.005,,99
1.21138596534729,,0,99
,0.005,,149
1.2591270208358765,,0,149
,0.005,,199
0.7113831639289856,,0,199
,0.005,,249
0.8592430353164673,,0,249
,0.005,,299
0.7399820685386658,,0,299
