{"lr-Adam": 0.005, "trainer/global_step": 2999, "_timestamp": 1705433051.5046089, "_runtime": 19.984266757965088, "_step": 119, "train_loss": 0.7627204060554504, "epoch": 0}