{"lr-SGD": 0.005, "trainer/global_step": 9749, "_timestamp": 1705419996.5419722, "_runtime": 197.05516815185547, "_step": 389, "train_loss": 0.9263438582420349, "epoch": 2