{"lr-SGD": 0.005, "trainer/global_step": 10049, "_timestamp": 1705420002.980388, "_runtime": 203.4935839176178, "_step": 401, "train_loss": 1.4105162620544434, "epoch": 2}