{"lr-SGD": 0.005, "trainer/global_step": 18749, "_timestamp": 1705420175.5172596, "_runtime": 376.03045558929443, "_step": 749, "train_loss": 0.7067096829414368, "epoch": 4, "_wandb": {"runtime": 373}}