epoch,step,train_loss,lr-SGD
,49,,0.005
0,49,0.8179004788398743,
,99,,0.005
0,99,0.6720962524414062,
,149,,0.005
0,149,0.9801443219184875,
